,Temperature_C,Wind_Speed_m_s,Solar_Radiation_kWh_m2,Rainfall_mm,Efficiency_Ratio,Lagged_Production_MWh,Combined_Weather_Index,Energy_Class_enc,Region_East,Region_North,Region_South,Region_West,Energy_Source_Hydro,Energy_Source_Solar,Energy_Source_Wind,Season_Monsoon,Season_Spring,Season_Summer,Season_Winter
Temperature_C,1.0,0.0508,-0.0072,0.0336,-0.4851,-0.0099,-0.3499,0.0099,0.0024,0.0222,-0.0113,-0.014,0.0019,-0.0048,0.0028,0.0654,0.0145,-0.0614,-0.0191
Wind_Speed_m_s,0.0508,1.0,-0.0261,0.0237,-0.2616,0.0337,0.4043,-0.0242,-0.0248,0.02,-0.0302,0.0376,-0.011,0.0475,-0.0356,0.0061,-0.0008,-0.0209,0.015
Solar_Radiation_kWh_m2,-0.0072,-0.0261,1.0,-0.0185,-0.1111,-0.0055,0.2005,-0.0064,-0.0449,-0.0074,0.0258,0.027,-0.0287,0.0251,0.0041,-0.0032,0.0683,-0.0496,-0.0172
Rainfall_mm,0.0336,0.0237,-0.0185,1.0,-0.0614,-0.016,-0.0487,-0.0462,0.0569,-0.0196,-0.0585,0.0249,-0.032,0.0085,0.0237,0.0294,-0.0434,-0.0209,0.0346
Efficiency_Ratio,-0.4851,-0.2616,-0.1111,-0.0614,1.0,-0.0268,-0.0273,0.7432,0.0086,-0.0755,0.0585,0.0081,0.0079,-0.031,0.0225,-0.0746,0.0345,0.0476,-0.0075
Lagged_Production_MWh,-0.0099,0.0337,-0.0055,-0.016,-0.0268,1.0,0.0429,-0.0228,-0.0565,0.0458,0.0045,0.0054,0.0099,0.0304,-0.0397,-0.0161,0.0048,0.0527,-0.0396
Combined_Weather_Index,-0.3499,0.4043,0.2005,-0.0487,-0.0273,0.0429,1.0,-0.06,-0.0132,0.0092,-0.0067,0.0112,0.0186,-0.0172,-0.0018,-0.0269,0.0026,-0.0001,0.0236
Energy_Class_enc,0.0099,-0.0242,-0.0064,-0.0462,0.7432,-0.0228,-0.06,1.0,0.0155,-0.0655,0.0567,-0.0078,0.0232,-0.0365,0.0126,-0.0446,0.0414,0.0181,-0.0152
Region_East,0.0024,-0.0248,-0.0449,0.0569,0.0086,-0.0565,-0.0132,0.0155,1.0,-0.3413,-0.3536,-0.2997,0.0172,-0.0052,-0.0121,-0.015,-0.0012,-0.025,0.0396
Region_North,0.0222,0.02,-0.0074,-0.0196,-0.0755,0.0458,0.0092,-0.0655,-0.3413,1.0,-0.3679,-0.3118,0.0019,0.0108,-0.0125,0.0244,0.0046,-0.0756,0.0442
Region_South,-0.0113,-0.0302,0.0258,-0.0585,0.0585,0.0045,-0.0067,0.0567,-0.3536,-0.3679,1.0,-0.3231,-0.0207,0.0086,0.0123,-0.0198,0.0165,0.0619,-0.0565
Region_West,-0.014,0.0376,0.027,0.0249,0.0081,0.0054,0.0112,-0.0078,-0.2997,-0.3118,-0.3231,1.0,0.0024,-0.0154,0.0127,0.0112,-0.0216,0.0398,-0.0274
Energy_Source_Hydro,0.0019,-0.011,-0.0287,-0.032,0.0079,0.0099,0.0186,0.0232,0.0172,0.0019,-0.0207,0.0024,1.0,-0.49,-0.5198,0.0455,-0.0092,-0.0084,-0.0269
Energy_Source_Solar,-0.0048,0.0475,0.0251,0.0085,-0.031,0.0304,-0.0172,-0.0365,-0.0052,0.0108,0.0086,-0.0154,-0.49,1.0,-0.49,-0.0225,-0.04,0.0375,0.0256
Energy_Source_Wind,0.0028,-0.0356,0.0041,0.0237,0.0225,-0.0397,-0.0018,0.0126,-0.0121,-0.0125,0.0123,0.0127,-0.5198,-0.49,1.0,-0.0234,0.0484,-0.0284,0.0018
Season_Monsoon,0.0654,0.0061,-0.0032,0.0294,-0.0746,-0.0161,-0.0269,-0.0446,-0.015,0.0244,-0.0198,0.0112,0.0455,-0.0225,-0.0234,1.0,-0.3349,-0.3114,-0.3393
Season_Spring,0.0145,-0.0008,0.0683,-0.0434,0.0345,0.0048,0.0026,0.0414,-0.0012,0.0046,0.0165,-0.0216,-0.0092,-0.04,0.0484,-0.3349,1.0,-0.3267,-0.3559
Season_Summer,-0.0614,-0.0209,-0.0496,-0.0209,0.0476,0.0527,-0.0001,0.0181,-0.025,-0.0756,0.0619,0.0398,-0.0084,0.0375,-0.0284,-0.3114,-0.3267,1.0,-0.3309
Season_Winter,-0.0191,0.015,-0.0172,0.0346,-0.0075,-0.0396,0.0236,-0.0152,0.0396,0.0442,-0.0565,-0.0274,-0.0269,0.0256,0.0018,-0.3393,-0.3559,-0.3309,1.0
